<?xml version="1.0" encoding="UTF-8"?>
<project-private xmlns="http://www.netbeans.org/ns/project-private/1">
    <editor-bookmarks xmlns="http://www.netbeans.org/ns/editor-bookmarks/2" lastBookmarkId="0"/>
    <open-files xmlns="http://www.netbeans.org/ns/projectui-open-files/2">
        <group name="Ejemplos_de_clase">
            <file>file:/C:/Users/Santiago/Documents/NetBeansProjects/GestionViajesTemporales/src/gestionviajestemporales/Main.java</file>
            <file>file:/C:/Users/Santiago/Documents/NetBeansProjects/GestionViajesTemporales/src/config/RutasArchivos.java</file>
            <file>file:/C:/Users/Santiago/Documents/NetBeansProjects/GestionViajesTemporales/src/model/DestinoTemporal.java</file>
            <file>file:/C:/Users/Santiago/Documents/NetBeansProjects/GestionViajesTemporales/src/model/CSVSerializable.java</file>
            <file>file:/C:/Users/Santiago/Documents/NetBeansProjects/GestionViajesTemporales/src/model/ViajeTemporal.java</file>
            <file>file:/C:/Users/Santiago/Documents/NetBeansProjects/GestionViajesTemporales/src/model/LibroDeViajes.java</file>
        </group>
    </open-files>
</project-private>
